Index,Customer Id,First Name,Last Name,Company,City,Country,Phone 1,Phone 2,Email,Subscription Date,Website
1jlkajlasjlkasjfl,2asklnfalksclks,3askljflskcjkls,4asöcjöalsjcölsa,5,6,7,8,9,0,+,l
1,2,3,4,5,6,7,8,9,0,+,l
1,2,3,4,5,6,7,8,9,0,+,l
1,2,3,4,5,6,7,8,9,0,+,l
1,2,3,4,5,6,7,8,9,0,+,l
1,2,3,4,5,6,7,8,9,0,+,l
1,2,3,4,5,6,7,8,9,0,+,l
1,2,3,4,5,6,7,8,9,0,+,l
1,2,3,4,5,6,7,saöcjölajsöcljaösl8,9,0,+,l
1,2,3,4,5,6,7,saocjösljcöljs8,9,0,+,l
1,2,3,4,5,6,7,8,9,0,+,l
1,2,3,4,5,6,7,8,9,0,+,l
1,2,3,4,5,6,7,8,9,0,+,l
1,2,3,4,5,6,7,8,9,0,+,l
1,2,3,4,5,6,7,8,9,0,+,l
1,2,3,4,5,6,7,8,9,0,+,l
1,2,3,4,5,6,7,8,9,0,+,l
1,2,3,4,5,6,7,8,9,0,+,l
1,2,3,4,5,6,7,8,9,0,+,l
1,2,3,4,5,6,7,8,9,0,+,l
1,2,3,4,5,6,7,8,9,0,+,l
1,2,3,4,5,6,7,8,9,0,+,l
1,2,3,4,5,6,7,8,9,0,+,l
1,2,3,4,5,6,7,8,9,0,+,l
1,2,3,4,5,6alscjölasjcölajs,7,8,9,0,+,l
1,2,3,4,5,6,7,8,9,0,+,l
1,2,3,4,5,6,7,8,9,0,+,l
1,2,3,4,5,6,7,8,9,0,+,l
1,2,3,4,5,6,7,8,9,0,+,l
1,2,3,4,5,6,7,8,9,0,+,l
1,2,3,4,5,6,7,8,9,0,+,l
1,2,3,4,5,6,7,8,9,0,+,l
1,2,3,4,5,6scaöljclaöjslcj,7,8,9,0,+,l
